insert into Customer values('1234', '1234', 'Zelin', '', 'Liu', 'test address', 'zelinliu@me.com', 'Drinks', 0);

insert into Product values('TBED_MIETSB11', '1 Gallon Turbo Energy Drink BIB', '1 Gallon Turbo Energy Drink BIB', null);
insert into Inventory values('TBED_MIETSB11', 1, 0, 0, '');
insert into Product values('TBED_MIETSB31', '3 Gallon Turbo Energy Drink BIB', '3 Gallon Turbo Energy Drink BIB', null);
insert into Inventory values('TBED_MIETSB31', 1, 0, 0, '');
insert into Product values('TBED_MIETHB11', '1 Gallon Dragon Energy Drink BIB', '1 Gallon Dragon Energy Drink BIB', null);
insert into Inventory values('TBED_MIETHB11', 1, 0, 0, '');
insert into Product values('TBED_MIETHB31', '3 Gallon Dragon Energy Drink BIB', '3 Gallon Dragon Energy Drink BIB', null);
insert into Inventory values('TBED_MIETHB31', 1, 0, 0, '');
insert into Product values('TBED_MIETLB11', '1 Gallon Diet Turbo Energy Drink BIB', '1 Gallon Diet Turbo Energy Drink BIB', null);
insert into Inventory values('TBED_MIETLB11', 1, 0, 0, '');
insert into Product values('TBED_MIESTB31', '3 Gallon Energy Shot Energy Drink', '3 Gallon Energy Shot Energy Drink', null);
insert into Inventory values('TBED_MIESTB31', 1, 0, 0, '');
insert into Product values('TBED_MIEOTB11', '1 Gallon Orange Turbo Energy Drink', '1 Gallon Orange Turbo  Energy Drink', null);
insert into Inventory values('TBED_MIEOTB11', 1, 0, 0, '');
insert into Product values('TBED_99TRRTDT', '24 pk Turbo Energy Drink BTLS', '24 pk Turbo Energy Drink BTLS', null);
insert into Inventory values('TBED_99TRRTDT', 1, 0, 0, '');
insert into Product values('TBED_99TDRTDT', '24 pk Diet Turbo Energy Drink BTLS', '24 pk Diet Turbo Energy Drink BTLS', null);
insert into Inventory values('TBED_99TDRTDT', 1, 0, 0, '');
insert into Product values('TBED_MIEOTB31', '3 Gallon Orange Turbo Energy Drink', '3 Gallon Orange Turbo Energy Drink', null);
insert into Inventory values('TBED_MIEOTB31', 1, 0, 0, '');
insert into Product values('TBED_MIETBB8T', '2 Gallon Turbo Blue', '2 Gallon Turbo Blue', null);
insert into Inventory values('TBED_MIETBB8T', 1, 0, 0, '');
insert into Product values('TBED_MIEBDB8T', '2 Gallon Diet Turbo Blue', '2 Gallon Diet Turbo Blue', null);
insert into Inventory values('TBED_MIEBDB8T', 1, 0, 0, '');

insert into Supplier values('Beverage Control', 'Drinks', '5215 South Royal Atlanta Dr Suite 21-22, Tucker GA 30084', 1);
insert into Supplier values('Beverage Specialties', 'Drinks', '1621 Central Ave S, Units 26/27, Kent WA 98035', 1);
insert into Supplier values('Bob Bisordi', 'Drinks', 'PO Box 447, Kent WA 98035', 1);
insert into Supplier values('Carbo Mix', 'Drinks', '11319 Maryland Ave, Beltsville MD 20704', 1);
insert into Supplier values('Coastal Beverage', 'Drinks', '215 SW Shannon Avenue, Melbourne FL 32901', 1);
insert into Supplier values('Cool Breeze Beverages', 'Drinks', '6050 Causeway Blvd, Tampa FL 33619', 1);
insert into Supplier values('Dan Good Distributing', 'Drinks', '2703 5th St. #9, Sacramento CA 95818', 1);
insert into Supplier values('Desert Isle Beverage', 'Drinks', 'P.O. Box 700699, Kapolei HI 96709', 1);
insert into Supplier values('FPC Beverage', 'Drinks', 'Attn: Clint Royster, 6630 Amberton Drive, Suite A&B, Elkridge MD 21075-6296', 1);
insert into Supplier values('Global NRG', 'Drinks', 'PO Box 89711, Sioux Falls SD 57109', 1);
insert into Supplier values('High Energy', 'Drinks', '830 13 th  Ave, New Smyrna Beach FL 32169', 1);
insert into Supplier values('J & J Distribution', 'Drinks', '650 Oak St Rd, Alva FL 33920', 1);
insert into Supplier values('Juice Products', 'Drinks', '3992 S Airport Road, Ogden UT 84405', 1);
insert into Supplier values('Kahlua Bay', 'Drinks', '43 Trimble St, Nashville TN 37210', 1);
insert into Supplier values('Kint Beverage Concepts Current', 'Drinks', '1300 Crooked Hill Rd, Harrisburg PA 17110', 1);
insert into Supplier values('M/T Inc', 'Drinks', '10336 Leo Rd, Fort Wayne IN 46825', 1);
insert into Supplier values('Malloy Distribution', 'Drinks', '108 SE Crestwood, Lees Summit MO 64063', 1);
insert into Supplier values('Marineview Beverage', 'Drinks', '1402 Puyallup St., Sumner WA 98390', 1);
insert into Supplier values('Nauser Beverage', 'Drinks', '6000 Paris Road, Columbia MO 65203', 1);
insert into Supplier values('Pricketts', 'Drinks', '123 M Street, Fresno CA 93721', 1);
insert into Supplier values('Restaurant Source dba United Glassware', 'Drinks', '5005 Washington St, Denver CO 80216', 1);
insert into Supplier values('Seattle Turbo Energy Drink', 'Drinks', '2440 Alki Ave SW #402, Seattle WA 98116', 1);
insert into Supplier values('Shurflow Beverages', 'Drinks', '9201 Brown Lane Ste 131, Austin TX 98754', 1);
insert into Supplier values('Southfork Coffee', 'Drinks', '134 Grimes Street #6, Eugene OR 97402', 1);
insert into Supplier values('Tognazzini Beverage', 'Drinks', '241 East Roemer Way, Santa Maria CA 93454', 1);
insert into Supplier values('Tom Chappell', 'Drinks', '207 Ladd St, Alton IL 62002', 1);

insert into Supplies values(1, 'TBED_MIETSB11', 0);
insert into Supplies values(2, 'TBED_MIETSB11', 0);
insert into Supplies values(3, 'TBED_MIETSB11', 0);
insert into Supplies values(4, 'TBED_MIETSB11', 0);
insert into Supplies values(5, 'TBED_MIETSB11', 0);
insert into Supplies values(6, 'TBED_MIETSB11', 0);
insert into Supplies values(7, 'TBED_MIETSB11', 0);
insert into Supplies values(8, 'TBED_MIETSB11', 0);
insert into Supplies values(9, 'TBED_MIETSB11', 0);
insert into Supplies values(10, 'TBED_MIETSB11', 0);
insert into Supplies values(11, 'TBED_MIETSB11', 0);
insert into Supplies values(12, 'TBED_MIETSB11', 0);
insert into Supplies values(13, 'TBED_MIETSB11', 0);
insert into Supplies values(14, 'TBED_MIETSB11', 0);
insert into Supplies values(15, 'TBED_MIETSB11', 0);
insert into Supplies values(16, 'TBED_MIETSB11', 0);
insert into Supplies values(17, 'TBED_MIETSB11', 0);
insert into Supplies values(18, 'TBED_MIETSB11', 0);
insert into Supplies values(19, 'TBED_MIETSB11', 0);
insert into Supplies values(20, 'TBED_MIETSB11', 0);
insert into Supplies values(21, 'TBED_MIETSB11', 0);
insert into Supplies values(22, 'TBED_MIETSB11', 0);
insert into Supplies values(23, 'TBED_MIETSB11', 0);
insert into Supplies values(24, 'TBED_MIETSB11', 0);
insert into Supplies values(25, 'TBED_MIETSB11', 0);
insert into Supplies values(26, 'TBED_MIETSB11', 0);
insert into Supplies values(1, 'TBED_MIETSB31', 0);
insert into Supplies values(2, 'TBED_MIETSB31', 0);
insert into Supplies values(3, 'TBED_MIETSB31', 0);
insert into Supplies values(4, 'TBED_MIETSB31', 0);
insert into Supplies values(5, 'TBED_MIETSB31', 0);
insert into Supplies values(6, 'TBED_MIETSB31', 0);
insert into Supplies values(7, 'TBED_MIETSB31', 0);
insert into Supplies values(8, 'TBED_MIETSB31', 0);
insert into Supplies values(9, 'TBED_MIETSB31', 0);
insert into Supplies values(10, 'TBED_MIETSB31', 0);
insert into Supplies values(11, 'TBED_MIETSB31', 0);
insert into Supplies values(12, 'TBED_MIETSB31', 0);
insert into Supplies values(13, 'TBED_MIETSB31', 0);
insert into Supplies values(14, 'TBED_MIETSB31', 0);
insert into Supplies values(15, 'TBED_MIETSB31', 0);
insert into Supplies values(16, 'TBED_MIETSB31', 0);
insert into Supplies values(17, 'TBED_MIETSB31', 0);
insert into Supplies values(18, 'TBED_MIETSB31', 0);
insert into Supplies values(19, 'TBED_MIETSB31', 0);
insert into Supplies values(20, 'TBED_MIETSB31', 0);
insert into Supplies values(21, 'TBED_MIETSB31', 0);
insert into Supplies values(22, 'TBED_MIETSB31', 0);
insert into Supplies values(23, 'TBED_MIETSB31', 0);
insert into Supplies values(24, 'TBED_MIETSB31', 0);
insert into Supplies values(25, 'TBED_MIETSB31', 0);
insert into Supplies values(26, 'TBED_MIETSB31', 0);
insert into Supplies values(1, 'TBED_MIETHB11', 0);
insert into Supplies values(2, 'TBED_MIETHB11', 0);
insert into Supplies values(3, 'TBED_MIETHB11', 0);
insert into Supplies values(4, 'TBED_MIETHB11', 0);
insert into Supplies values(5, 'TBED_MIETHB11', 0);
insert into Supplies values(6, 'TBED_MIETHB11', 0);
insert into Supplies values(7, 'TBED_MIETHB11', 0);
insert into Supplies values(8, 'TBED_MIETHB11', 0);
insert into Supplies values(9, 'TBED_MIETHB11', 0);
insert into Supplies values(10, 'TBED_MIETHB11', 0);
insert into Supplies values(11, 'TBED_MIETHB11', 0);
insert into Supplies values(12, 'TBED_MIETHB11', 0);
insert into Supplies values(13, 'TBED_MIETHB11', 0);
insert into Supplies values(14, 'TBED_MIETHB11', 0);
insert into Supplies values(15, 'TBED_MIETHB11', 0);
insert into Supplies values(16, 'TBED_MIETHB11', 0);
insert into Supplies values(17, 'TBED_MIETHB11', 0);
insert into Supplies values(18, 'TBED_MIETHB11', 0);
insert into Supplies values(19, 'TBED_MIETHB11', 0);
insert into Supplies values(20, 'TBED_MIETHB11', 0);
insert into Supplies values(21, 'TBED_MIETHB11', 0);
insert into Supplies values(22, 'TBED_MIETHB11', 0);
insert into Supplies values(23, 'TBED_MIETHB11', 0);
insert into Supplies values(24, 'TBED_MIETHB11', 0);
insert into Supplies values(25, 'TBED_MIETHB11', 0);
insert into Supplies values(26, 'TBED_MIETHB11', 0);
insert into Supplies values(1, 'TBED_MIETHB31', 0);
insert into Supplies values(2, 'TBED_MIETHB31', 0);
insert into Supplies values(3, 'TBED_MIETHB31', 0);
insert into Supplies values(4, 'TBED_MIETHB31', 0);
insert into Supplies values(5, 'TBED_MIETHB31', 0);
insert into Supplies values(6, 'TBED_MIETHB31', 0);
insert into Supplies values(7, 'TBED_MIETHB31', 0);
insert into Supplies values(8, 'TBED_MIETHB31', 0);
insert into Supplies values(9, 'TBED_MIETHB31', 0);
insert into Supplies values(10, 'TBED_MIETHB31', 0);
insert into Supplies values(11, 'TBED_MIETHB31', 0);
insert into Supplies values(12, 'TBED_MIETHB31', 0);
insert into Supplies values(13, 'TBED_MIETHB31', 0);
insert into Supplies values(14, 'TBED_MIETHB31', 0);
insert into Supplies values(15, 'TBED_MIETHB31', 0);
insert into Supplies values(16, 'TBED_MIETHB31', 0);
insert into Supplies values(17, 'TBED_MIETHB31', 0);
insert into Supplies values(18, 'TBED_MIETHB31', 0);
insert into Supplies values(19, 'TBED_MIETHB31', 0);
insert into Supplies values(20, 'TBED_MIETHB31', 0);
insert into Supplies values(21, 'TBED_MIETHB31', 0);
insert into Supplies values(22, 'TBED_MIETHB31', 0);
insert into Supplies values(23, 'TBED_MIETHB31', 0);
insert into Supplies values(24, 'TBED_MIETHB31', 0);
insert into Supplies values(25, 'TBED_MIETHB31', 0);
insert into Supplies values(26, 'TBED_MIETHB31', 0);
insert into Supplies values(1, 'TBED_MIETLB11', 0);
insert into Supplies values(2, 'TBED_MIETLB11', 0);
insert into Supplies values(3, 'TBED_MIETLB11', 0);
insert into Supplies values(4, 'TBED_MIETLB11', 0);
insert into Supplies values(5, 'TBED_MIETLB11', 0);
insert into Supplies values(6, 'TBED_MIETLB11', 0);
insert into Supplies values(7, 'TBED_MIETLB11', 0);
insert into Supplies values(8, 'TBED_MIETLB11', 0);
insert into Supplies values(9, 'TBED_MIETLB11', 0);
insert into Supplies values(10, 'TBED_MIETLB11', 0);
insert into Supplies values(11, 'TBED_MIETLB11', 0);
insert into Supplies values(12, 'TBED_MIETLB11', 0);
insert into Supplies values(13, 'TBED_MIETLB11', 0);
insert into Supplies values(14, 'TBED_MIETLB11', 0);
insert into Supplies values(15, 'TBED_MIETLB11', 0);
insert into Supplies values(16, 'TBED_MIETLB11', 0);
insert into Supplies values(17, 'TBED_MIETLB11', 0);
insert into Supplies values(18, 'TBED_MIETLB11', 0);
insert into Supplies values(19, 'TBED_MIETLB11', 0);
insert into Supplies values(20, 'TBED_MIETLB11', 0);
insert into Supplies values(21, 'TBED_MIETLB11', 0);
insert into Supplies values(22, 'TBED_MIETLB11', 0);
insert into Supplies values(23, 'TBED_MIETLB11', 0);
insert into Supplies values(24, 'TBED_MIETLB11', 0);
insert into Supplies values(25, 'TBED_MIETLB11', 0);
insert into Supplies values(26, 'TBED_MIETLB11', 0);
insert into Supplies values(1, 'TBED_MIESTB31', 0);
insert into Supplies values(2, 'TBED_MIESTB31', 0);
insert into Supplies values(3, 'TBED_MIESTB31', 0);
insert into Supplies values(4, 'TBED_MIESTB31', 0);
insert into Supplies values(5, 'TBED_MIESTB31', 0);
insert into Supplies values(6, 'TBED_MIESTB31', 0);
insert into Supplies values(7, 'TBED_MIESTB31', 0);
insert into Supplies values(8, 'TBED_MIESTB31', 0);
insert into Supplies values(9, 'TBED_MIESTB31', 0);
insert into Supplies values(10, 'TBED_MIESTB31', 0);
insert into Supplies values(11, 'TBED_MIESTB31', 0);
insert into Supplies values(12, 'TBED_MIESTB31', 0);
insert into Supplies values(13, 'TBED_MIESTB31', 0);
insert into Supplies values(14, 'TBED_MIESTB31', 0);
insert into Supplies values(15, 'TBED_MIESTB31', 0);
insert into Supplies values(16, 'TBED_MIESTB31', 0);
insert into Supplies values(17, 'TBED_MIESTB31', 0);
insert into Supplies values(18, 'TBED_MIESTB31', 0);
insert into Supplies values(19, 'TBED_MIESTB31', 0);
insert into Supplies values(20, 'TBED_MIESTB31', 0);
insert into Supplies values(21, 'TBED_MIESTB31', 0);
insert into Supplies values(22, 'TBED_MIESTB31', 0);
insert into Supplies values(23, 'TBED_MIESTB31', 0);
insert into Supplies values(24, 'TBED_MIESTB31', 0);
insert into Supplies values(25, 'TBED_MIESTB31', 0);
insert into Supplies values(26, 'TBED_MIESTB31', 0);
insert into Supplies values(1, 'TBED_MIEOTB11', 0);
insert into Supplies values(2, 'TBED_MIEOTB11', 0);
insert into Supplies values(3, 'TBED_MIEOTB11', 0);
insert into Supplies values(4, 'TBED_MIEOTB11', 0);
insert into Supplies values(5, 'TBED_MIEOTB11', 0);
insert into Supplies values(6, 'TBED_MIEOTB11', 0);
insert into Supplies values(7, 'TBED_MIEOTB11', 0);
insert into Supplies values(8, 'TBED_MIEOTB11', 0);
insert into Supplies values(9, 'TBED_MIEOTB11', 0);
insert into Supplies values(10, 'TBED_MIEOTB11', 0);
insert into Supplies values(11, 'TBED_MIEOTB11', 0);
insert into Supplies values(12, 'TBED_MIEOTB11', 0);
insert into Supplies values(13, 'TBED_MIEOTB11', 0);
insert into Supplies values(14, 'TBED_MIEOTB11', 0);
insert into Supplies values(15, 'TBED_MIEOTB11', 0);
insert into Supplies values(16, 'TBED_MIEOTB11', 0);
insert into Supplies values(17, 'TBED_MIEOTB11', 0);
insert into Supplies values(18, 'TBED_MIEOTB11', 0);
insert into Supplies values(19, 'TBED_MIEOTB11', 0);
insert into Supplies values(20, 'TBED_MIEOTB11', 0);
insert into Supplies values(21, 'TBED_MIEOTB11', 0);
insert into Supplies values(22, 'TBED_MIEOTB11', 0);
insert into Supplies values(23, 'TBED_MIEOTB11', 0);
insert into Supplies values(24, 'TBED_MIEOTB11', 0);
insert into Supplies values(25, 'TBED_MIEOTB11', 0);
insert into Supplies values(26, 'TBED_MIEOTB11', 0);
insert into Supplies values(1, 'TBED_99TRRTDT', 0);
insert into Supplies values(2, 'TBED_99TRRTDT', 0);
insert into Supplies values(3, 'TBED_99TRRTDT', 0);
insert into Supplies values(4, 'TBED_99TRRTDT', 0);
insert into Supplies values(5, 'TBED_99TRRTDT', 0);
insert into Supplies values(6, 'TBED_99TRRTDT', 0);
insert into Supplies values(7, 'TBED_99TRRTDT', 0);
insert into Supplies values(8, 'TBED_99TRRTDT', 0);
insert into Supplies values(9, 'TBED_99TRRTDT', 0);
insert into Supplies values(10, 'TBED_99TRRTDT', 0);
insert into Supplies values(11, 'TBED_99TRRTDT', 0);
insert into Supplies values(12, 'TBED_99TRRTDT', 0);
insert into Supplies values(13, 'TBED_99TRRTDT', 0);
insert into Supplies values(14, 'TBED_99TRRTDT', 0);
insert into Supplies values(15, 'TBED_99TRRTDT', 0);
insert into Supplies values(16, 'TBED_99TRRTDT', 0);
insert into Supplies values(17, 'TBED_99TRRTDT', 0);
insert into Supplies values(18, 'TBED_99TRRTDT', 0);
insert into Supplies values(19, 'TBED_99TRRTDT', 0);
insert into Supplies values(20, 'TBED_99TRRTDT', 0);
insert into Supplies values(21, 'TBED_99TRRTDT', 0);
insert into Supplies values(22, 'TBED_99TRRTDT', 0);
insert into Supplies values(23, 'TBED_99TRRTDT', 0);
insert into Supplies values(24, 'TBED_99TRRTDT', 0);
insert into Supplies values(25, 'TBED_99TRRTDT', 0);
insert into Supplies values(26, 'TBED_99TRRTDT', 0);
insert into Supplies values(1, 'TBED_99TDRTDT', 0);
insert into Supplies values(2, 'TBED_99TDRTDT', 0);
insert into Supplies values(3, 'TBED_99TDRTDT', 0);
insert into Supplies values(4, 'TBED_99TDRTDT', 0);
insert into Supplies values(5, 'TBED_99TDRTDT', 0);
insert into Supplies values(6, 'TBED_99TDRTDT', 0);
insert into Supplies values(7, 'TBED_99TDRTDT', 0);
insert into Supplies values(8, 'TBED_99TDRTDT', 0);
insert into Supplies values(9, 'TBED_99TDRTDT', 0);
insert into Supplies values(10, 'TBED_99TDRTDT', 0);
insert into Supplies values(11, 'TBED_99TDRTDT', 0);
insert into Supplies values(12, 'TBED_99TDRTDT', 0);
insert into Supplies values(13, 'TBED_99TDRTDT', 0);
insert into Supplies values(14, 'TBED_99TDRTDT', 0);
insert into Supplies values(15, 'TBED_99TDRTDT', 0);
insert into Supplies values(16, 'TBED_99TDRTDT', 0);
insert into Supplies values(17, 'TBED_99TDRTDT', 0);
insert into Supplies values(18, 'TBED_99TDRTDT', 0);
insert into Supplies values(19, 'TBED_99TDRTDT', 0);
insert into Supplies values(20, 'TBED_99TDRTDT', 0);
insert into Supplies values(21, 'TBED_99TDRTDT', 0);
insert into Supplies values(22, 'TBED_99TDRTDT', 0);
insert into Supplies values(23, 'TBED_99TDRTDT', 0);
insert into Supplies values(24, 'TBED_99TDRTDT', 0);
insert into Supplies values(25, 'TBED_99TDRTDT', 0);
insert into Supplies values(26, 'TBED_99TDRTDT', 0);
insert into Supplies values(1, 'TBED_MIEOTB31', 0);
insert into Supplies values(2, 'TBED_MIEOTB31', 0);
insert into Supplies values(3, 'TBED_MIEOTB31', 0);
insert into Supplies values(4, 'TBED_MIEOTB31', 0);
insert into Supplies values(5, 'TBED_MIEOTB31', 0);
insert into Supplies values(6, 'TBED_MIEOTB31', 0);
insert into Supplies values(7, 'TBED_MIEOTB31', 0);
insert into Supplies values(8, 'TBED_MIEOTB31', 0);
insert into Supplies values(9, 'TBED_MIEOTB31', 0);
insert into Supplies values(10, 'TBED_MIEOTB31', 0);
insert into Supplies values(11, 'TBED_MIEOTB31', 0);
insert into Supplies values(12, 'TBED_MIEOTB31', 0);
insert into Supplies values(13, 'TBED_MIEOTB31', 0);
insert into Supplies values(14, 'TBED_MIEOTB31', 0);
insert into Supplies values(15, 'TBED_MIEOTB31', 0);
insert into Supplies values(16, 'TBED_MIEOTB31', 0);
insert into Supplies values(17, 'TBED_MIEOTB31', 0);
insert into Supplies values(18, 'TBED_MIEOTB31', 0);
insert into Supplies values(19, 'TBED_MIEOTB31', 0);
insert into Supplies values(20, 'TBED_MIEOTB31', 0);
insert into Supplies values(21, 'TBED_MIEOTB31', 0);
insert into Supplies values(22, 'TBED_MIEOTB31', 0);
insert into Supplies values(23, 'TBED_MIEOTB31', 0);
insert into Supplies values(24, 'TBED_MIEOTB31', 0);
insert into Supplies values(25, 'TBED_MIEOTB31', 0);
insert into Supplies values(26, 'TBED_MIEOTB31', 0);
insert into Supplies values(1, 'TBED_MIETBB8T', 0);
insert into Supplies values(2, 'TBED_MIETBB8T', 0);
insert into Supplies values(3, 'TBED_MIETBB8T', 0);
insert into Supplies values(4, 'TBED_MIETBB8T', 0);
insert into Supplies values(5, 'TBED_MIETBB8T', 0);
insert into Supplies values(6, 'TBED_MIETBB8T', 0);
insert into Supplies values(7, 'TBED_MIETBB8T', 0);
insert into Supplies values(8, 'TBED_MIETBB8T', 0);
insert into Supplies values(9, 'TBED_MIETBB8T', 0);
insert into Supplies values(10, 'TBED_MIETBB8T', 0);
insert into Supplies values(11, 'TBED_MIETBB8T', 0);
insert into Supplies values(12, 'TBED_MIETBB8T', 0);
insert into Supplies values(13, 'TBED_MIETBB8T', 0);
insert into Supplies values(14, 'TBED_MIETBB8T', 0);
insert into Supplies values(15, 'TBED_MIETBB8T', 0);
insert into Supplies values(16, 'TBED_MIETBB8T', 0);
insert into Supplies values(17, 'TBED_MIETBB8T', 0);
insert into Supplies values(18, 'TBED_MIETBB8T', 0);
insert into Supplies values(19, 'TBED_MIETBB8T', 0);
insert into Supplies values(20, 'TBED_MIETBB8T', 0);
insert into Supplies values(21, 'TBED_MIETBB8T', 0);
insert into Supplies values(22, 'TBED_MIETBB8T', 0);
insert into Supplies values(23, 'TBED_MIETBB8T', 0);
insert into Supplies values(24, 'TBED_MIETBB8T', 0);
insert into Supplies values(25, 'TBED_MIETBB8T', 0);
insert into Supplies values(26, 'TBED_MIETBB8T', 0);
insert into Supplies values(1, 'TBED_MIEBDB8T', 0);
insert into Supplies values(2, 'TBED_MIEBDB8T', 0);
insert into Supplies values(3, 'TBED_MIEBDB8T', 0);
insert into Supplies values(4, 'TBED_MIEBDB8T', 0);
insert into Supplies values(5, 'TBED_MIEBDB8T', 0);
insert into Supplies values(6, 'TBED_MIEBDB8T', 0);
insert into Supplies values(7, 'TBED_MIEBDB8T', 0);
insert into Supplies values(8, 'TBED_MIEBDB8T', 0);
insert into Supplies values(9, 'TBED_MIEBDB8T', 0);
insert into Supplies values(10, 'TBED_MIEBDB8T', 0);
insert into Supplies values(11, 'TBED_MIEBDB8T', 0);
insert into Supplies values(12, 'TBED_MIEBDB8T', 0);
insert into Supplies values(13, 'TBED_MIEBDB8T', 0);
insert into Supplies values(14, 'TBED_MIEBDB8T', 0);
insert into Supplies values(15, 'TBED_MIEBDB8T', 0);
insert into Supplies values(16, 'TBED_MIEBDB8T', 0);
insert into Supplies values(17, 'TBED_MIEBDB8T', 0);
insert into Supplies values(18, 'TBED_MIEBDB8T', 0);
insert into Supplies values(19, 'TBED_MIEBDB8T', 0);
insert into Supplies values(20, 'TBED_MIEBDB8T', 0);
insert into Supplies values(21, 'TBED_MIEBDB8T', 0);
insert into Supplies values(22, 'TBED_MIEBDB8T', 0);
insert into Supplies values(23, 'TBED_MIEBDB8T', 0);
insert into Supplies values(24, 'TBED_MIEBDB8T', 0);
insert into Supplies values(25, 'TBED_MIEBDB8T', 0);
insert into Supplies values(26, 'TBED_MIEBDB8T', 0);